/*
SQLyog Community v13.1.9 (64 bit)
MySQL - 10.4.24-MariaDB : Database - db_musik_online
*********************************************************************
*/

/*!40101 SET NAMES utf8 */;

/*!40101 SET SQL_MODE=''*/;

/*!40014 SET @OLD_UNIQUE_CHECKS=@@UNIQUE_CHECKS, UNIQUE_CHECKS=0 */;
/*!40014 SET @OLD_FOREIGN_KEY_CHECKS=@@FOREIGN_KEY_CHECKS, FOREIGN_KEY_CHECKS=0 */;
/*!40101 SET @OLD_SQL_MODE=@@SQL_MODE, SQL_MODE='NO_AUTO_VALUE_ON_ZERO' */;
/*!40111 SET @OLD_SQL_NOTES=@@SQL_NOTES, SQL_NOTES=0 */;
CREATE DATABASE /*!32312 IF NOT EXISTS*/`db_musik_online` /*!40100 DEFAULT CHARACTER SET utf8mb4 */;

USE `db_musik_online`;

/*Table structure for table `comments` */

DROP TABLE IF EXISTS `comments`;

CREATE TABLE `comments` (
  `comment_id` varchar(255) NOT NULL,
  `project_id` varchar(255) NOT NULL,
  `commenter_id` varchar(255) NOT NULL,
  `comment` varchar(255) DEFAULT NULL,
  `createdAt` datetime NOT NULL,
  `updatedAt` datetime NOT NULL,
  PRIMARY KEY (`comment_id`),
  KEY `project_id` (`project_id`),
  KEY `commenter_id` (`commenter_id`),
  CONSTRAINT `comments_ibfk_1` FOREIGN KEY (`project_id`) REFERENCES `projects` (`project_id`) ON DELETE CASCADE ON UPDATE CASCADE,
  CONSTRAINT `comments_ibfk_2` FOREIGN KEY (`commenter_id`) REFERENCES `users` (`user_id`) ON DELETE CASCADE ON UPDATE CASCADE
) ENGINE=InnoDB DEFAULT CHARSET=utf8mb4;

/*Data for the table `comments` */

insert  into `comments`(`comment_id`,`project_id`,`commenter_id`,`comment`,`createdAt`,`updatedAt`) values 
('C001','P001','UID001','Eius consequuntur eveniet distinctio ipsam aliquid cum distinctio aspernatur dolorum.','2023-05-25 15:47:07','2023-05-25 15:47:07'),
('C002','P002','UID002','Autem aut placeat illum reprehenderit occaecati sunt omnis repellat.','2023-05-25 15:47:07','2023-05-25 15:47:07'),
('C003','P003','UID003','Saepe quaerat rem adipisci expedita labore nihil atque doloribus vitae.','2023-05-25 15:47:07','2023-05-25 15:47:07'),
('C004','P004','UID004','Dolore soluta eaque provident commodi corrupti sint tempora voluptatum.','2023-05-25 15:47:07','2023-05-25 15:47:07'),
('C005','P005','UID005','Commodi aliquid iusto perspiciatis ut similique molestias cum dolore.','2023-05-25 15:47:07','2023-05-25 15:47:07'),
('C006','P006','UID006','Laborum necessitatibus quos consequatur incidunt doloribus unde modi.','2023-05-25 15:47:07','2023-05-25 15:47:07'),
('C007','P007','UID007','Harum optio doloribus sunt delectus voluptatum accusantium at quasi omnis.','2023-05-25 15:47:07','2023-05-25 15:47:07'),
('C008','P008','UID008','Nam culpa dolorum ab quam laudantium.','2023-05-25 15:47:07','2023-05-25 15:47:07'),
('C009','P009','UID009','Excepturi ratione magnam voluptas quis excepturi architecto similique.','2023-05-25 15:47:07','2023-05-25 15:47:07'),
('C010','P010','UID010','Quos nesciunt reprehenderit.','2023-05-25 15:47:07','2023-05-25 15:47:07'),
('C011','P011','UID011','Delectus dolor voluptatibus ex voluptate.','2023-05-25 15:47:07','2023-05-25 15:47:07'),
('C012','P012','UID012','Quos quis magnam minus in cupiditate velit similique dicta.','2023-05-25 15:47:07','2023-05-25 15:47:07'),
('C013','P013','UID013','Aliquam beatae porro minima voluptate tenetur.','2023-05-25 15:47:07','2023-05-25 15:47:07'),
('C014','P014','UID014','Porro eaque voluptate consequuntur.','2023-05-25 15:47:07','2023-05-25 15:47:07'),
('C015','P015','UID015','Accusamus harum nobis ut blanditiis natus quod suscipit atque.','2023-05-25 15:47:07','2023-05-25 15:47:07'),
('C016','P016','UID016','Laborum soluta minima itaque.','2023-05-25 15:47:07','2023-05-25 15:47:07'),
('C017','P017','UID017','Temporibus molestias iure nisi consequuntur veritatis ea.','2023-05-25 15:47:07','2023-05-25 15:47:07'),
('C018','P018','UID018','Ullam ad pariatur.','2023-05-25 15:47:07','2023-05-25 15:47:07'),
('C019','P019','UID019','Tenetur minima ipsam tempora recusandae tempore voluptatibus voluptate amet exercitationem.','2023-05-25 15:47:07','2023-05-25 15:47:07'),
('C020','P020','UID020','Saepe unde ullam sint labore quasi.','2023-05-25 15:47:07','2023-05-25 15:47:07');

/*Table structure for table `project_members` */

DROP TABLE IF EXISTS `project_members`;

CREATE TABLE `project_members` (
  `project_member_id` varchar(255) NOT NULL,
  `project_id` varchar(255) DEFAULT NULL,
  `musician_id` varchar(255) NOT NULL,
  `createdAt` datetime NOT NULL,
  `updatedAt` datetime NOT NULL,
  PRIMARY KEY (`project_member_id`),
  KEY `musician_id` (`musician_id`),
  CONSTRAINT `project_members_ibfk_1` FOREIGN KEY (`musician_id`) REFERENCES `users` (`user_id`) ON DELETE CASCADE ON UPDATE CASCADE
) ENGINE=InnoDB DEFAULT CHARSET=utf8mb4;

/*Data for the table `project_members` */

insert  into `project_members`(`project_member_id`,`project_id`,`musician_id`,`createdAt`,`updatedAt`) values 
('M001','UID001','UID001','2023-05-25 15:47:07','2023-05-25 15:47:07'),
('M002','UID002','UID002','2023-05-25 15:47:07','2023-05-25 15:47:07'),
('M003','UID003','UID003','2023-05-25 15:47:07','2023-05-25 15:47:07'),
('M004','UID004','UID004','2023-05-25 15:47:07','2023-05-25 15:47:07'),
('M005','UID005','UID005','2023-05-25 15:47:07','2023-05-25 15:47:07'),
('M006','UID006','UID006','2023-05-25 15:47:07','2023-05-25 15:47:07'),
('M007','UID007','UID007','2023-05-25 15:47:07','2023-05-25 15:47:07'),
('M008','UID008','UID008','2023-05-25 15:47:07','2023-05-25 15:47:07'),
('M009','UID009','UID009','2023-05-25 15:47:07','2023-05-25 15:47:07'),
('M010','UID010','UID010','2023-05-25 15:47:07','2023-05-25 15:47:07'),
('M011','UID011','UID011','2023-05-25 15:47:07','2023-05-25 15:47:07'),
('M012','UID012','UID012','2023-05-25 15:47:07','2023-05-25 15:47:07'),
('M013','UID013','UID013','2023-05-25 15:47:07','2023-05-25 15:47:07'),
('M014','UID014','UID014','2023-05-25 15:47:07','2023-05-25 15:47:07'),
('M015','UID015','UID015','2023-05-25 15:47:07','2023-05-25 15:47:07'),
('M016','UID016','UID016','2023-05-25 15:47:07','2023-05-25 15:47:07'),
('M017','UID017','UID017','2023-05-25 15:47:07','2023-05-25 15:47:07'),
('M018','UID018','UID018','2023-05-25 15:47:07','2023-05-25 15:47:07'),
('M019','UID019','UID019','2023-05-25 15:47:07','2023-05-25 15:47:07'),
('M020','UID020','UID020','2023-05-25 15:47:07','2023-05-25 15:47:07');

/*Table structure for table `projects` */

DROP TABLE IF EXISTS `projects`;

CREATE TABLE `projects` (
  `project_id` varchar(255) NOT NULL,
  `title` varchar(255) DEFAULT NULL,
  `description` varchar(255) DEFAULT NULL,
  `producer_id` varchar(255) NOT NULL,
  `createdAt` datetime NOT NULL,
  `updatedAt` datetime NOT NULL,
  PRIMARY KEY (`project_id`),
  KEY `producer_id` (`producer_id`),
  CONSTRAINT `projects_ibfk_1` FOREIGN KEY (`producer_id`) REFERENCES `users` (`user_id`) ON DELETE CASCADE ON UPDATE CASCADE
) ENGINE=InnoDB DEFAULT CHARSET=utf8mb4;

/*Data for the table `projects` */

insert  into `projects`(`project_id`,`title`,`description`,`producer_id`,`createdAt`,`updatedAt`) values 
('P001','recusandae incidunt nihil','Ut velit maiores dolore doloremque corrupti.','UID001','2023-05-25 15:47:07','2023-05-25 15:47:07'),
('P002','dolor fugit facilis','Corrupti facere rerum necessitatibus doloribus animi sed consequatur laboriosam minus.','UID002','2023-05-25 15:47:07','2023-05-25 15:47:07'),
('P003','ipsa hic molestias','Delectus totam dolorem quos iure.','UID003','2023-05-25 15:47:07','2023-05-25 15:47:07'),
('P004','beatae itaque fuga','Dolorem magni aspernatur asperiores tempora veritatis explicabo a id molestias.','UID004','2023-05-25 15:47:07','2023-05-25 15:47:07'),
('P005','quisquam atque repellendus','Nemo deserunt doloribus doloremque similique omnis eligendi ad.','UID005','2023-05-25 15:47:07','2023-05-25 15:47:07'),
('P006','ipsa maxime officiis','Repudiandae et accusantium possimus.','UID006','2023-05-25 15:47:07','2023-05-25 15:47:07'),
('P007','dolor ab error','Libero cum repellat architecto officia illo nostrum.','UID007','2023-05-25 15:47:07','2023-05-25 15:47:07'),
('P008','ducimus velit sint','Nobis porro velit odit dolorum iste magnam perspiciatis maxime perferendis.','UID008','2023-05-25 15:47:07','2023-05-25 15:47:07'),
('P009','totam iure inventore','Nemo asperiores sunt eligendi dolor.','UID009','2023-05-25 15:47:07','2023-05-25 15:47:07'),
('P010','eos mollitia qui','Voluptas necessitatibus id illo tempore eos aut aliquam enim repudiandae.','UID010','2023-05-25 15:47:07','2023-05-25 15:47:07'),
('P011','neque placeat quas','Molestias amet nam officiis illum numquam ut nulla dolores eligendi.','UID011','2023-05-25 15:47:07','2023-05-25 15:47:07'),
('P012','numquam commodi facilis','Suscipit voluptas id delectus quaerat.','UID012','2023-05-25 15:47:07','2023-05-25 15:47:07'),
('P013','corrupti consequuntur doloremque','Mollitia labore accusamus cum nihil et necessitatibus voluptatibus amet numquam.','UID013','2023-05-25 15:47:07','2023-05-25 15:47:07'),
('P014','quod dolorum error','Sint aliquid eveniet amet dicta asperiores repudiandae deleniti sed.','UID014','2023-05-25 15:47:07','2023-05-25 15:47:07'),
('P015','beatae distinctio itaque','Repellendus voluptates provident.','UID015','2023-05-25 15:47:07','2023-05-25 15:47:07'),
('P016','fugit quidem ab','Laboriosam nam fugiat atque reprehenderit repellat nihil.','UID016','2023-05-25 15:47:07','2023-05-25 15:47:07'),
('P017','porro blanditiis nam','Dolorum voluptates nostrum facere.','UID017','2023-05-25 15:47:07','2023-05-25 15:47:07'),
('P018','suscipit incidunt at','Vel veritatis eius dignissimos praesentium similique quisquam.','UID018','2023-05-25 15:47:07','2023-05-25 15:47:07'),
('P019','quibusdam porro labore','Nemo doloribus minima adipisci aperiam quia.','UID019','2023-05-25 15:47:07','2023-05-25 15:47:07'),
('P020','perferendis vel minima','Laudantium aperiam doloribus provident omnis impedit cumque.','UID020','2023-05-25 15:47:07','2023-05-25 15:47:07');

/*Table structure for table `recordings` */

DROP TABLE IF EXISTS `recordings`;

CREATE TABLE `recordings` (
  `recording_id` varchar(255) NOT NULL,
  `project_id` varchar(255) NOT NULL,
  `musician_id` varchar(255) NOT NULL,
  `file_path` varchar(255) DEFAULT NULL,
  `createdAt` datetime NOT NULL,
  `updatedAt` datetime NOT NULL,
  PRIMARY KEY (`recording_id`),
  KEY `project_id` (`project_id`),
  KEY `musician_id` (`musician_id`),
  CONSTRAINT `recordings_ibfk_1` FOREIGN KEY (`project_id`) REFERENCES `projects` (`project_id`) ON DELETE CASCADE ON UPDATE CASCADE,
  CONSTRAINT `recordings_ibfk_2` FOREIGN KEY (`musician_id`) REFERENCES `users` (`user_id`) ON DELETE CASCADE ON UPDATE CASCADE
) ENGINE=InnoDB DEFAULT CHARSET=utf8mb4;

/*Data for the table `recordings` */

insert  into `recordings`(`recording_id`,`project_id`,`musician_id`,`file_path`,`createdAt`,`updatedAt`) values 
('M001','P001','UID001','/usr/libdata/wherever.log','2023-05-25 15:47:07','2023-05-25 15:47:07'),
('M002','P002','UID002','/private/create_to.bpk','2023-05-25 15:47:07','2023-05-25 15:47:07'),
('M003','P003','UID003','/media/calmly.pkg','2023-05-25 15:47:07','2023-05-25 15:47:07'),
('M004','P004','UID004','/usr/src/woot.gif','2023-05-25 15:47:07','2023-05-25 15:47:07'),
('M005','P005','UID005','/usr/bin/for_aside_ouch.mpkg','2023-05-25 15:47:07','2023-05-25 15:47:07'),
('M006','P006','UID006','/selinux/colorfully_uninstall_times.ogg','2023-05-25 15:47:07','2023-05-25 15:47:07'),
('M007','P007','UID007','/root/beat.iso','2023-05-25 15:47:07','2023-05-25 15:47:07'),
('M008','P008','UID008','/selinux/tan_vainly_absentmindedly.ods','2023-05-25 15:47:07','2023-05-25 15:47:07'),
('M009','P009','UID009','/var/spool/snag_drat.eot','2023-05-25 15:47:07','2023-05-25 15:47:07'),
('M010','P010','UID010','/home/user/dir/pace.bz','2023-05-25 15:47:07','2023-05-25 15:47:07'),
('M011','P011','UID011','/home/plus_noteworthy.mp2','2023-05-25 15:47:07','2023-05-25 15:47:07'),
('M012','P012','UID012','/opt/include/pace_criteria.exe','2023-05-25 15:47:07','2023-05-25 15:47:07'),
('M013','P013','UID013','/private/tmp/salty_sour_after.avi','2023-05-25 15:47:07','2023-05-25 15:47:07'),
('M014','P014','UID014','/srv/whereas_viciously_slick.tar','2023-05-25 15:47:07','2023-05-25 15:47:07'),
('M015','P015','UID015','/sys/instead_gratefully_likewise.deploy','2023-05-25 15:47:07','2023-05-25 15:47:07'),
('M016','P016','UID016','/usr/sbin/vastly.ini','2023-05-25 15:47:07','2023-05-25 15:47:07'),
('M017','P017','UID017','/Library/worth_stretcher.log','2023-05-25 15:47:07','2023-05-25 15:47:07'),
('M018','P018','UID018','/opt/lib/fade.sh','2023-05-25 15:47:07','2023-05-25 15:47:07'),
('M019','P019','UID019','/opt/bin/hence_per_fast.bz2','2023-05-25 15:47:07','2023-05-25 15:47:07'),
('M020','P020','UID020','/boot/burning.elc','2023-05-25 15:47:07','2023-05-25 15:47:07');

/*Table structure for table `sequelizemeta` */

DROP TABLE IF EXISTS `sequelizemeta`;

CREATE TABLE `sequelizemeta` (
  `name` varchar(255) COLLATE utf8_unicode_ci NOT NULL,
  PRIMARY KEY (`name`),
  UNIQUE KEY `name` (`name`)
) ENGINE=InnoDB DEFAULT CHARSET=utf8 COLLATE=utf8_unicode_ci;

/*Data for the table `sequelizemeta` */

insert  into `sequelizemeta`(`name`) values 
('20230520130137-create-user.js'),
('20230520131344-create-project.js'),
('20230520131506-create-project-member.js'),
('20230520131547-create-recording.js'),
('20230520131606-create-comment.js');

/*Table structure for table `users` */

DROP TABLE IF EXISTS `users`;

CREATE TABLE `users` (
  `user_id` varchar(255) NOT NULL,
  `username` varchar(255) DEFAULT NULL,
  `name` varchar(255) DEFAULT NULL,
  `password` varchar(255) DEFAULT NULL,
  `email` varchar(255) DEFAULT NULL,
  `role` varchar(255) DEFAULT NULL,
  `balance` int(11) DEFAULT NULL,
  `api_hit` int(11) DEFAULT NULL,
  `createdAt` datetime NOT NULL,
  `updatedAt` datetime NOT NULL,
  PRIMARY KEY (`user_id`)
) ENGINE=InnoDB DEFAULT CHARSET=utf8mb4;

/*Data for the table `users` */

insert  into `users`(`user_id`,`username`,`name`,`password`,`email`,`role`,`balance`,`api_hit`,`createdAt`,`updatedAt`) values 
('UID001','Otho_Will-Hills','Otho Will-Hills','$2b$10$64ww5zuSWJTSj7RT0CpMMOT29HrO2bDjmES0Spxeqg4ckD5Lkwmam','Arch4@hotmail.com','produser',34000,43,'2023-05-25 15:47:06','2023-05-25 15:47:06'),
('UID002','Maximo_Legros','Maximo Legros','$2b$10$.pJ3lrtTCmlleqWA77b9f.HxPMYcnavBTn.oe9WYBkQvyFxSwukjW','Shanie_Reilly@yahoo.com','musisi',57000,10,'2023-05-25 15:47:06','2023-05-25 15:47:06'),
('UID003','Deangelo_Jacobs','Deangelo Jacobs','$2b$10$sQzQX9nQU2f1tJo39hAjz.pZ7lx6kkjJke6/83DPlwJB2M3yR8W86','Leda97@yahoo.com','musisi',92000,23,'2023-05-25 15:47:06','2023-05-25 15:47:06'),
('UID004','Rosanna_Crooks','Rosanna Crooks','$2b$10$M1gJE4OogQgQNvJHKUFnseeYY2dN4mXK/TzP5JjoySxiOEKoVIEbC','Riley44@yahoo.com','musisi',48000,38,'2023-05-25 15:47:06','2023-05-25 15:47:06'),
('UID005','Ludie_Mohr','Ludie Mohr','$2b$10$8KmohC7HJnnQitEFM/TNaOZ7L3j0HNANOAF5nwIpFC1i/eWb0L.OW','Everardo11@gmail.com','produser',93000,49,'2023-05-25 15:47:07','2023-05-25 15:47:07'),
('UID006','Arvel_Reilly','Arvel Reilly','$2b$10$WcA4cX3/dPulsgzhB9JJQuDdChIPTP.mEW2gQNWAuHa0iHc4iv1V2','Roscoe_Von@gmail.com','produser',52000,35,'2023-05-25 15:47:07','2023-05-25 15:47:07'),
('UID007','Kailey_Ernser','Kailey Ernser','$2b$10$9fFaIZdhpujtVvw4YXi78uX/YH0oGh1Yg/trVXWp9j/VHZIOULtEe','Alba_Kautzer@gmail.com','musisi',68000,17,'2023-05-25 15:47:07','2023-05-25 15:47:07'),
('UID008','Shirley_Heller','Shirley Heller','$2b$10$FQJimI4JEeMk1dxsV1JOR.i711wIt8VboC1T2KX6.7HkwUMNIQDjq','Verlie19@yahoo.com','member',19000,20,'2023-05-25 15:47:07','2023-05-25 15:47:07'),
('UID009','Trevor_Yost','Trevor Yost','$2b$10$GC.6OEz.ofmRLWecz3aDVO4r7FRXEZXneCnidhfnrR2o/RPDaPAEa','Lisa.Johns12@hotmail.com','member',93000,31,'2023-05-25 15:47:07','2023-05-25 15:47:07'),
('UID010','Adalberto_Jacobson','Adalberto Jacobson','$2b$10$aeqrCdIBswsKyAqbHZh1BOZK39ghlT4zb/JEiw5oObi3FzmdBLZGu','Ryder.Powlowski56@gmail.com','musisi',23000,22,'2023-05-25 15:47:07','2023-05-25 15:47:07'),
('UID011','Ellie_Blanda','Ellie Blanda','$2b$10$NXSSYluJd4C0Z5MpMN6k7O0iTyq/ZX17/DCIBITnzTzeLh5MDLrAi','Marlon60@gmail.com','member',8000,21,'2023-05-25 15:47:07','2023-05-25 15:47:07'),
('UID012','Deon_Maggio','Deon Maggio','$2b$10$dfgDPG2mUstuneczjRm/BOizAff3PNfwN50CPeMYPhrM3xETh6cwm','Ford3@hotmail.com','member',16000,13,'2023-05-25 15:47:07','2023-05-25 15:47:07'),
('UID013','Lelia_Krajcik','Lelia Krajcik','$2b$10$HdM5Mi8jug.iGGrIOwz9suyQW8lFdY8dPNPduKo9Aobhdivdz17oq','Mitchell.Jones15@yahoo.com','produser',52000,48,'2023-05-25 15:47:07','2023-05-25 15:47:07'),
('UID014','Marie_Zemlak','Marie Zemlak','$2b$10$SHuGa2mlwoxmEMRW6VsIOugWjbZYDyJxzhmF7s9RkW7eRnOSQueAe','Judson.Wiegand@yahoo.com','produser',53000,17,'2023-05-25 15:47:07','2023-05-25 15:47:07'),
('UID015','Brielle_Dibbert','Brielle Dibbert','$2b$10$HhxxIwbWhuhUQ7W8eWB/AemRLsa.gLqqc5s7Gu.57mDzAndwfQjiC','Stephany.Rempel@yahoo.com','member',49000,41,'2023-05-25 15:47:07','2023-05-25 15:47:07'),
('UID016','Javonte_Feeney','Javonte Feeney','$2b$10$cVoSRZ1n4pTBtjuNvWrKIuilYWdS6ljysFbL/.2glPzEVKgxUjNnS','Willow.Nikolaus@yahoo.com','musisi',84000,38,'2023-05-25 15:47:07','2023-05-25 15:47:07'),
('UID017','Shanel_Wunsch','Shanel Wunsch','$2b$10$n6VxxEgmC6Fm2eXt0HKDCOfTFDsYDs7XmtQ17vRWk38Jlr/81cGta','Franz34@gmail.com','produser',50000,26,'2023-05-25 15:47:07','2023-05-25 15:47:07'),
('UID018','Sydnee_Lueilwitz','Sydnee Lueilwitz','$2b$10$whdrUVruTjMsy6S67pvT..Th75TKXxCHfTfgfGGXeM7BJaXipYFJ.','Camden.Russel68@gmail.com','musisi',55000,32,'2023-05-25 15:47:07','2023-05-25 15:47:07'),
('UID019','Nicolas_Bergstrom','Nicolas Bergstrom','$2b$10$FnMNSW7KOEEwgET96i5vP.Tp94zAtPMdeELahLEqUbPzfhw/VgEfe','Antonetta_Thiel@gmail.com','member',42000,27,'2023-05-25 15:47:07','2023-05-25 15:47:07'),
('UID020','Johnathan_Toy','Johnathan Toy','$2b$10$uIG818rCo0Kr3H9qWDrL5u.w4UMwLZMUO6td6Crjz3yWHJZdGcBh.','Alexanne76@hotmail.com','member',91000,20,'2023-05-25 15:47:07','2023-05-25 15:47:07');

/*!40101 SET SQL_MODE=@OLD_SQL_MODE */;
/*!40014 SET FOREIGN_KEY_CHECKS=@OLD_FOREIGN_KEY_CHECKS */;
/*!40014 SET UNIQUE_CHECKS=@OLD_UNIQUE_CHECKS */;
/*!40111 SET SQL_NOTES=@OLD_SQL_NOTES */;
